id,first_name,last_name,email,gender,ip_address
1,Fidelia,D'Ambrogio,fdambrogio0@berkeley.edu,Female,130.231.147.33
2,Lars,Krolman,lkrolman1@disqus.com,Male,176.136.189.227
3,Bren,Buttrey,bbuttrey2@paginegialle.it,Male,4.139.148.170
4,Irving,Ide,iide3@skype.com,Male,104.217.197.39
5,Maggee,Darko,mdarko4@stanford.edu,Female,86.209.143.189
6,Arabella,Royans,aroyans5@boston.com,Female,28.170.66.162
7,Franklin,Sepey,fsepey6@tinypic.com,Male,125.93.73.103
8,Hayward,Beamand,hbeamand7@moonfruit.com,Male,163.173.157.102
9,Jordain,Duddy,jduddy8@ucsd.edu,Female,37.112.116.43
10,Rebekah,Siege,rsiege9@mtv.com,Female,80.8.184.190
11,Ambros,Nortunen,anortunena@about.me,Male,214.251.50.98
12,Shandy,Tillerton,stillertonb@opensource.org,Female,217.160.52.40
13,Norrie,Penton,npentonc@newsvine.com,Female,167.17.45.104
14,Annelise,Kauschke,akauschked@samsung.com,Female,234.118.97.234
15,Suzette,Lucio,slucioe@nymag.com,Female,101.69.40.71
16,Shepperd,Cobden,scobdenf@netscape.com,Male,5.77.252.55
17,Tammie,Collis,tcollisg@symantec.com,Female,73.221.183.42
18,Honey,Camplen,hcamplenh@shinystat.com,Female,86.28.185.54
19,Dulci,Philipp,dphilippi@cbslocal.com,Female,245.118.200.251
20,Simeon,Erickson,sericksonj@blinklist.com,Male,154.203.55.147
21,Joshia,Garlant,jgarlantk@archive.org,Male,52.152.99.67
22,Marlowe,Milner,mmilnerl@businessweek.com,Male,51.200.191.118
23,Dewey,Beasley,dbeasleym@techcrunch.com,Male,202.251.230.54
24,Melva,Edridge,medridgen@fda.gov,Female,243.111.175.209
25,Lorrie,Cardall,lcardallo@google.it,Female,156.179.103.82
26,Abigale,Nickerson,anickersonp@histats.com,Female,234.65.224.150
27,Lock,Bresman,lbresmanq@issuu.com,Male,153.166.44.133
28,Birk,Rablan,brablanr@xinhuanet.com,Male,211.242.239.167
29,Lynsey,Orbine,lorbines@businessinsider.com,Female,216.120.58.92
30,Nealy,Christal,nchristalt@imageshack.us,Male,128.134.64.163
31,Karlik,Skeats,kskeatsu@lycos.com,Male,17.2.251.71
32,Isaac,Vye,ivyev@simplemachines.org,Male,218.219.27.38
33,Lindy,Gockeler,lgockelerw@harvard.edu,Female,21.52.249.217
34,Lottie,Patterfield,lpatterfieldx@imdb.com,Female,209.40.207.15
35,Sander,Brunsen,sbrunseny@macromedia.com,Male,44.71.19.122
36,Reine,Braunter,rbraunterz@who.int,Female,169.97.156.217
37,Aurie,Carling,acarling10@51.la,Female,176.30.57.212
38,Quinlan,Kidgell,qkidgell11@t.co,Male,155.154.65.115
39,Mireielle,Wellings,mwellings12@altervista.org,Female,244.75.107.25
40,Yehudi,Newiss,ynewiss13@geocities.jp,Male,245.47.18.231
41,Gerick,Crock,gcrock14@un.org,Male,85.91.246.90
42,Sallie,Samper,ssamper15@skyrock.com,Female,87.71.110.158
43,Timmie,Holdin,tholdin16@free.fr,Female,60.82.56.90
44,Doy,Tapp,dtapp17@i2i.jp,Male,206.105.78.174
45,Carree,Di Ruggero,cdiruggero18@jalbum.net,Female,158.77.196.54
46,Karla,Bleby,kbleby19@a8.net,Female,66.186.150.8
47,Cornelle,Whewell,cwhewell1a@cnet.com,Female,246.151.43.49
48,Rayner,Kadar,rkadar1b@omniture.com,Male,40.195.42.37
49,Vally,Shortell,vshortell1c@nba.com,Female,229.77.70.240
50,Noellyn,Guess,nguess1d@cbc.ca,Female,10.29.14.149
51,Beckie,Cundict,bcundict1e@zdnet.com,Female,130.231.38.117
52,Phil,Andriessen,pandriessen1f@state.gov,Female,121.68.169.44
53,Kylie,Shitliffe,kshitliffe1g@nytimes.com,Male,27.231.60.47
54,Claude,Patise,cpatise1h@japanpost.jp,Female,184.91.165.85
55,Cynthea,McCulley,cmcculley1i@uol.com.br,Female,233.19.23.96
56,Halley,Parfitt,hparfitt1j@blogger.com,Female,205.60.241.174
57,Alexandr,McKilroe,amckilroe1k@usa.gov,Male,46.242.101.98
58,Cariotta,Giovannini,cgiovannini1l@sciencedaily.com,Female,218.64.226.39
59,Reuben,McKerley,rmckerley1m@ehow.com,Male,199.21.63.177
60,Ferdinanda,Beadman,fbeadman1n@sciencedirect.com,Female,57.251.20.186
61,Mersey,Vasyunkin,mvasyunkin1o@mapquest.com,Female,152.211.231.52
62,Traver,Pues,tpues1p@hp.com,Male,122.171.132.117
63,Clem,Tie,ctie1q@ted.com,Female,4.54.154.0
64,Shoshana,Bendle,sbendle1r@moonfruit.com,Female,129.88.230.87
65,Siobhan,Colling,scolling1s@ustream.tv,Female,139.56.220.155
66,Clarine,Neagle,cneagle1t@gov.uk,Female,148.57.142.225
67,Jessalyn,Skegg,jskegg1u@howstuffworks.com,Female,215.208.77.0
68,Ora,Hoggetts,ohoggetts1v@bbb.org,Female,148.233.82.181
69,Simone,Petschel,spetschel1w@jimdo.com,Female,211.27.43.166
70,Odey,Mattioli,omattioli1x@artisteer.com,Male,251.114.136.34
71,Valentina,Ovitz,vovitz1y@nps.gov,Female,218.176.245.167
72,Alyson,Iacomo,aiacomo1z@bbb.org,Female,124.141.52.29
73,Earlie,Pascow,epascow20@pbs.org,Male,212.101.189.78
74,Lulu,Schreurs,lschreurs21@tmall.com,Female,198.104.231.74
75,Rainer,Spaducci,rspaducci22@phpbb.com,Male,148.199.72.170
76,Melisandra,Bugg,mbugg23@economist.com,Female,183.215.230.127
77,Chucho,Canby,ccanby24@census.gov,Male,125.161.219.36
78,Earl,Heister,eheister25@phoca.cz,Male,46.148.255.184
79,Arnaldo,Lygoe,alygoe26@who.int,Male,146.55.198.195
80,Kincaid,Daine,kdaine27@google.nl,Male,43.113.124.232
81,Octavius,Hartford,ohartford28@deviantart.com,Male,168.103.161.36
82,Courtney,Crispe,ccrispe29@ftc.gov,Male,232.56.148.33
83,Ash,Tadlow,atadlow2a@odnoklassniki.ru,Male,120.146.61.200
84,Madalyn,Benedick,mbenedick2b@wordpress.org,Female,177.146.204.200
85,Rebbecca,Finnimore,rfinnimore2c@sina.com.cn,Female,191.252.92.96
86,Davin,Bliven,dbliven2d@statcounter.com,Male,2.158.248.135
87,Zacharie,Pointer,zpointer2e@rakuten.co.jp,Male,9.121.3.35
88,Herc,Calcraft,hcalcraft2f@addtoany.com,Male,212.232.58.75
89,Jobina,Copestick,jcopestick2g@macromedia.com,Female,66.92.20.138
90,Odessa,Playford,oplayford2h@yellowpages.com,Female,42.232.39.183
91,Alyce,Chominski,achominski2i@ifeng.com,Female,109.169.62.75
92,Gaye,Keach,gkeach2j@ocn.ne.jp,Female,101.52.217.241
93,See,Yateman,syateman2k@go.com,Male,234.55.240.153
94,Stefano,Heald,sheald2l@vk.com,Male,160.214.86.150
95,Jonas,Trulocke,jtrulocke2m@rakuten.co.jp,Male,40.99.141.239
96,Brooke,Briatt,bbriatt2n@google.cn,Female,139.236.57.13
97,Debbi,McKinless,dmckinless2o@thetimes.co.uk,Female,34.45.17.15
98,Ashlin,Drinkel,adrinkel2p@disqus.com,Male,46.224.253.212
99,Nataline,Adair,nadair2q@va.gov,Female,163.120.39.11
100,Whitby,Ablewhite,wablewhite2r@simplemachines.org,Male,108.193.23.147
101,Griffin,Howarth,ghowarth2s@scientificamerican.com,Male,237.216.26.133
102,Kalina,Lagadu,klagadu2t@jimdo.com,Female,67.221.132.64
103,Nevsa,Golland,ngolland2u@mlb.com,Female,98.44.129.186
104,Delmar,Feely,dfeely2v@squarespace.com,Male,104.151.169.200
105,Ardyth,Luciani,aluciani2w@angelfire.com,Female,56.227.129.52
106,Bald,Isaacson,bisaacson2x@senate.gov,Male,62.115.163.35
107,Mechelle,Fremantle,mfremantle2y@joomla.org,Female,40.86.10.32
108,Dayna,Keston,dkeston2z@google.cn,Female,204.61.80.61
109,Esta,Esley,eesley30@accuweather.com,Female,3.217.116.221
110,Ezekiel,Pales,epales31@ucla.edu,Male,103.18.198.206
111,Javier,Hew,jhew32@123-reg.co.uk,Male,165.10.44.150
112,Mischa,Merkel,mmerkel33@harvard.edu,Male,169.10.22.166
113,Alessandra,Villiers,avilliers34@diigo.com,Female,88.3.16.191
114,Suzie,Rings,srings35@blogger.com,Female,167.254.7.72
115,Rasia,Fendt,rfendt36@harvard.edu,Female,67.133.76.139
116,Tome,Keeffe,tkeeffe37@livejournal.com,Male,228.60.11.8
117,Roscoe,Prettyjohn,rprettyjohn38@spiegel.de,Male,32.5.227.230
118,Corney,Kaplan,ckaplan39@reference.com,Male,169.226.62.74
119,Honey,Ledgeway,hledgeway3a@arstechnica.com,Female,8.34.89.179
120,Lauri,Giacomelli,lgiacomelli3b@163.com,Female,129.8.18.200
121,Juliette,Peto,jpeto3c@1und1.de,Female,139.56.172.83
122,Ellyn,Heintzsch,eheintzsch3d@artisteer.com,Female,25.53.229.116
123,Alexandros,Lealle,alealle3e@ehow.com,Male,27.71.251.185
124,Dmitri,Witterick,dwitterick3f@un.org,Male,219.192.196.176
125,Hobie,Mountain,hmountain3g@photobucket.com,Male,215.44.243.139
126,Courtenay,Pinel,cpinel3h@blinklist.com,Female,56.96.239.27
127,Giffy,Waberer,gwaberer3i@marriott.com,Male,172.167.123.16
128,Adria,Crinidge,acrinidge3j@cnbc.com,Female,121.169.250.167
129,Nathalie,Dorricott,ndorricott3k@cnbc.com,Female,51.206.70.53
130,Datha,Predohl,dpredohl3l@scientificamerican.com,Female,171.149.194.211
131,Nat,Streatfeild,nstreatfeild3m@google.co.jp,Male,185.240.25.49
132,Natala,Stuck,nstuck3n@vinaora.com,Female,146.58.58.241
133,Starlene,Kytter,skytter3o@soup.io,Female,231.57.116.202
134,Eadmund,Itzkovici,eitzkovici3p@ed.gov,Male,183.42.163.2
135,Basile,Thickens,bthickens3q@blogger.com,Male,32.60.117.194
136,Winslow,Buckthought,wbuckthought3r@bing.com,Male,63.190.117.190
137,Brock,Wardrop,bwardrop3s@netscape.com,Male,119.59.218.229
138,Judah,Meanwell,jmeanwell3t@jigsy.com,Male,60.234.20.78
139,Tobey,Tweedlie,ttweedlie3u@skyrock.com,Female,169.50.30.211
140,Balduin,McFeate,bmcfeate3v@answers.com,Male,172.169.2.242
141,Minor,Kaygill,mkaygill3w@hubpages.com,Male,139.98.129.224
142,Bobbi,Spohrmann,bspohrmann3x@cisco.com,Female,91.59.92.248
143,Lincoln,Welling,lwelling3y@miitbeian.gov.cn,Male,198.12.111.134
144,Bellina,Siviter,bsiviter3z@ft.com,Female,195.252.59.62
145,Jervis,Glasheen,jglasheen40@dedecms.com,Male,8.53.237.72
146,Klemens,Dickons,kdickons41@desdev.cn,Male,138.143.109.20
147,Merilyn,Cleaveland,mcleaveland42@yahoo.co.jp,Female,28.209.177.197
148,Mead,McNuff,mmcnuff43@last.fm,Male,50.95.150.0
149,Crosby,Hargrove,chargrove44@adobe.com,Male,152.36.172.137
150,Rorie,Hepher,rhepher45@imdb.com,Female,85.227.243.1
151,Wendall,Lempenny,wlempenny46@jugem.jp,Male,107.163.84.240
152,Orsola,Pallis,opallis47@hubpages.com,Female,169.107.50.230
153,Nolly,Clouston,nclouston48@amazon.com,Male,44.141.169.168
154,Mabelle,Blucher,mblucher49@nhs.uk,Female,115.154.154.157
155,Roch,Ruddlesden,rruddlesden4a@businesswire.com,Female,120.163.36.223
156,Trude,Danforth,tdanforth4b@ft.com,Female,122.21.180.122
157,Nicholas,Matchitt,nmatchitt4c@wsj.com,Male,61.47.60.108
158,Gerda,Yurygyn,gyurygyn4d@odnoklassniki.ru,Female,116.91.159.223
159,Alejandro,Falck,afalck4e@gov.uk,Male,41.201.8.184
160,Wynn,Obin,wobin4f@telegraph.co.uk,Female,68.117.146.12
161,Monti,Kavanagh,mkavanagh4g@storify.com,Male,126.210.232.7
162,Marten,Kenningham,mkenningham4h@chron.com,Male,125.194.125.48
163,Sophey,Rushmer,srushmer4i@who.int,Female,40.37.27.239
164,Selena,McGowran,smcgowran4j@google.ru,Female,125.130.76.177
165,Sloane,Backe,sbacke4k@slideshare.net,Male,147.119.23.161
166,Lavinia,Hoofe,lhoofe4l@paypal.com,Female,146.88.8.234
167,Hollis,Killshaw,hkillshaw4m@istockphoto.com,Male,254.134.238.161
168,Devin,Milham,dmilham4n@aol.com,Male,135.68.149.169
169,Maxie,Bassindale,mbassindale4o@symantec.com,Female,246.155.90.222
170,Arabella,Presslee,apresslee4p@google.com,Female,244.28.42.166
171,Marielle,Gillio,mgillio4q@yelp.com,Female,170.55.8.60
172,Keen,Roome,kroome4r@unesco.org,Male,134.164.19.156
173,Lockwood,Lile,llile4s@apple.com,Male,30.22.242.43
174,Currie,Torpie,ctorpie4t@oracle.com,Male,113.240.145.20
175,Lyell,Auchterlony,lauchterlony4u@japanpost.jp,Male,225.146.220.139
176,Denney,Wadmore,dwadmore4v@dagondesign.com,Male,184.201.86.138
177,Priscella,Inglesant,pinglesant4w@instagram.com,Female,23.75.206.0
178,Dud,Gigg,dgigg4x@ovh.net,Male,42.58.214.56
179,Barbabra,Hutfield,bhutfield4y@oakley.com,Female,80.216.81.144
180,Vera,Boult,vboult4z@seattletimes.com,Female,24.122.14.155
181,Ivonne,Ranklin,iranklin50@themeforest.net,Female,106.227.55.252
182,Glenda,Bellie,gbellie51@sciencedaily.com,Female,78.7.57.133
183,Jard,Aiken,jaiken52@shinystat.com,Male,175.254.181.124
184,Atlanta,Pett,apett53@dropbox.com,Female,147.98.121.52
185,Cherey,Stear,cstear54@archive.org,Female,190.159.105.254
186,Timmy,Liebrecht,tliebrecht55@aboutads.info,Male,196.181.105.164
187,Weider,Sainter,wsainter56@issuu.com,Male,67.213.218.71
188,Panchito,Iacofo,piacofo57@lulu.com,Male,121.21.213.225
189,Clevie,Ackhurst,cackhurst58@miibeian.gov.cn,Male,14.203.223.52
190,Milt,Bruty,mbruty59@lycos.com,Male,25.69.97.144
191,Gardy,Bezarra,gbezarra5a@netvibes.com,Male,182.243.22.243
192,Carla,Clappson,cclappson5b@dell.com,Female,241.251.254.24
193,Vivianna,Shillington,vshillington5c@hc360.com,Female,95.91.128.186
194,Wyatan,Orbine,worbine5d@abc.net.au,Male,110.252.48.33
195,Augustine,Gedney,agedney5e@home.pl,Female,111.155.217.139
196,Randy,Barrack,rbarrack5f@mediafire.com,Male,145.31.169.80
197,Kirk,Whitsun,kwhitsun5g@jalbum.net,Male,136.150.103.190
198,Vevay,Furlonge,vfurlonge5h@theguardian.com,Female,214.229.141.127
199,Samaria,Valentino,svalentino5i@about.me,Female,248.93.44.99
200,Abigael,Alchin,aalchin5j@dell.com,Female,198.3.216.143
201,Doll,Eginton,deginton5k@independent.co.uk,Female,201.41.105.217
202,Madalena,Shapcott,mshapcott5l@paypal.com,Female,215.251.36.172
203,Bordy,Allflatt,ballflatt5m@techcrunch.com,Male,195.249.212.195
204,Riordan,McLennan,rmclennan5n@ycombinator.com,Male,173.251.34.38
205,Ibbie,Elia,ielia5o@netlog.com,Female,138.90.118.207
206,Ludwig,Drivers,ldrivers5p@t-online.de,Male,10.184.172.28
207,Rutter,Yorath,ryorath5q@mayoclinic.com,Male,41.110.95.102
208,Evangelia,Spanton,espanton5r@marriott.com,Female,62.11.128.111
209,Quinton,Benzie,qbenzie5s@geocities.com,Male,109.133.199.105
210,Anissa,Shortland,ashortland5t@elpais.com,Female,245.47.114.214
211,Tadeo,Ewbanks,tewbanks5u@youtube.com,Male,18.155.65.147
212,Petrina,Lucas,plucas5v@weibo.com,Female,72.98.194.4
213,Joel,Parvin,jparvin5w@domainmarket.com,Male,21.238.186.16
214,Sherilyn,MacMillan,smacmillan5x@economist.com,Female,123.83.27.254
215,Wally,MacCrackan,wmaccrackan5y@oaic.gov.au,Male,204.212.77.228
216,Tann,Newborn,tnewborn5z@about.me,Male,68.9.140.34
217,Rosalinda,Marchington,rmarchington60@amazon.com,Female,255.2.18.73
218,Shanie,Kunc,skunc61@princeton.edu,Female,96.205.161.216
219,Fabien,Runnacles,frunnacles62@salon.com,Male,230.118.177.162
220,Oralie,Dumpleton,odumpleton63@msn.com,Female,89.225.163.65
221,Amanda,Greedy,agreedy64@slate.com,Female,152.4.16.45
222,Dennis,Cordero,dcordero65@google.cn,Male,63.53.191.207
223,Mona,Maghull,mmaghull66@merriam-webster.com,Female,78.191.138.190
224,Waverly,Slaight,wslaight67@altervista.org,Male,68.3.105.213
225,Alain,Mumford,amumford68@si.edu,Male,194.246.223.74
226,Daisey,McGahey,dmcgahey69@constantcontact.com,Female,57.206.26.77
227,Josee,Renn,jrenn6a@uol.com.br,Female,10.61.163.200
228,Dew,Berridge,dberridge6b@creativecommons.org,Male,128.187.112.11
229,Rose,Lambertz,rlambertz6c@google.com.au,Female,157.32.152.34
230,Lynn,Danilov,ldanilov6d@imgur.com,Male,235.112.173.52
231,Afton,d' Eye,adeye6e@webs.com,Female,67.101.128.114
232,Leicester,Clemes,lclemes6f@soup.io,Male,110.160.120.229
233,Jerry,Michelmore,jmichelmore6g@tinyurl.com,Female,232.35.158.170
234,Thorndike,Crisford,tcrisford6h@amazon.com,Male,177.253.8.64
235,Osborn,Spurett,ospurett6i@arstechnica.com,Male,246.236.16.103
236,Rey,Weinham,rweinham6j@about.me,Male,138.151.245.80
237,Andreana,Shiers,ashiers6k@walmart.com,Female,186.142.128.218
238,Thomasine,Willeman,twilleman6l@cnet.com,Female,49.36.68.16
239,Paolo,Langfat,plangfat6m@ycombinator.com,Male,150.69.201.71
240,Friedrick,Bickerstaffe,fbickerstaffe6n@ehow.com,Male,147.189.13.186
241,Valentino,McCreadie,vmccreadie6o@gov.uk,Male,215.127.69.93
242,Serene,Flacknell,sflacknell6p@xrea.com,Female,71.62.238.69
243,Sherm,Tate,state6q@reference.com,Male,249.100.98.143
244,Opaline,Kingsmill,okingsmill6r@cafepress.com,Female,18.31.146.222
245,Christophe,Thombleson,cthombleson6s@liveinternet.ru,Male,26.138.84.35
246,Margarethe,Mewe,mmewe6t@scientificamerican.com,Female,252.172.3.223
247,Georas,Petera,gpetera6u@yandex.ru,Male,164.26.99.180
248,Margarette,Undy,mundy6v@123-reg.co.uk,Female,238.29.195.78
249,Eugenio,Giffin,egiffin6w@ft.com,Male,174.32.178.32
250,Dick,Howis,dhowis6x@dion.ne.jp,Male,226.147.78.66
251,Blanche,Bang,bbang6y@ibm.com,Female,43.107.150.188
252,Roderic,Igounet,rigounet6z@jalbum.net,Male,110.120.173.174
253,Maisie,Northill,mnorthill70@surveymonkey.com,Female,19.96.58.211
254,Micheal,Skelington,mskelington71@technorati.com,Male,250.181.234.182
255,Glendon,McGall,gmcgall72@vistaprint.com,Male,181.157.103.83
256,Merilee,Vitall,mvitall73@pcworld.com,Female,112.212.156.254
257,Stesha,Whistlecraft,swhistlecraft74@webnode.com,Female,131.130.165.28
258,Corrie,Philipot,cphilipot75@csmonitor.com,Male,251.15.160.98
259,Dimitry,Mugridge,dmugridge76@aol.com,Male,193.23.245.90
260,Geordie,Lempke,glempke77@amazon.com,Male,215.8.102.144
261,Phillipp,Billany,pbillany78@umn.edu,Male,4.2.116.196
262,Hershel,Spellissy,hspellissy79@seattletimes.com,Male,78.39.249.16
263,Francesca,Tellwright,ftellwright7a@smh.com.au,Female,142.87.164.11
264,Gannon,Prestland,gprestland7b@networksolutions.com,Male,209.124.200.121
265,Ragnar,Smither,rsmither7c@mashable.com,Male,244.182.63.178
266,Mariann,Perrin,mperrin7d@odnoklassniki.ru,Female,80.39.171.33
267,Myrilla,Ranyelld,mranyelld7e@craigslist.org,Female,244.192.0.150
268,Mayor,Strowan,mstrowan7f@behance.net,Male,244.151.182.172
269,Britte,Hawes,bhawes7g@goodreads.com,Female,90.168.224.186
270,Elladine,Carrigan,ecarrigan7h@army.mil,Female,192.6.104.119
271,Nalani,Sivyour,nsivyour7i@reference.com,Female,149.52.81.76
272,Mira,Romera,mromera7j@symantec.com,Female,114.134.214.168
273,Arlyne,Ungaretti,aungaretti7k@smh.com.au,Female,97.243.49.94
274,Hedda,Theodore,htheodore7l@businesswire.com,Female,205.128.204.89
275,Spence,Wallice,swallice7m@army.mil,Male,131.224.162.189
276,Gabriele,Edmenson,gedmenson7n@google.com.hk,Male,21.180.217.166
277,Drucill,Gotthard,dgotthard7o@webeden.co.uk,Female,89.145.217.233
278,Barry,Fullagar,bfullagar7p@aol.com,Male,143.179.120.120
279,Olivie,Merton,omerton7q@auda.org.au,Female,211.154.182.117
280,Inesita,Couronne,icouronne7r@istockphoto.com,Female,169.128.148.171
281,Zsa zsa,Teligin,zteligin7s@independent.co.uk,Female,171.245.186.235
282,Worth,Burril,wburril7t@prlog.org,Male,224.248.194.209
283,Ferdie,Culshew,fculshew7u@about.com,Male,180.46.128.68
284,Pavlov,Crichmer,pcrichmer7v@fotki.com,Male,210.193.212.79
285,Ninnette,Todarello,ntodarello7w@imdb.com,Female,72.165.162.205
286,Gertrud,Vaggers,gvaggers7x@amazon.com,Female,169.175.64.179
287,Pauletta,Vaud,pvaud7y@elpais.com,Female,29.228.197.250
288,Ginnie,Robe,grobe7z@cisco.com,Female,6.246.122.60
289,Sharlene,Gwalter,sgwalter80@meetup.com,Female,234.153.54.60
290,Werner,McCarron,wmccarron81@behance.net,Male,219.161.192.94
291,Monika,Fazan,mfazan82@google.fr,Female,160.13.22.218
292,Marissa,Elmhirst,melmhirst83@linkedin.com,Female,199.151.32.123
293,Loydie,Abrahami,labrahami84@amazon.com,Male,21.110.47.234
294,Clive,MacMeeking,cmacmeeking85@trellian.com,Male,201.240.164.79
295,Eustace,Hargreaves,ehargreaves86@ted.com,Male,129.134.125.144
296,Conn,Eglington,ceglington87@intel.com,Male,4.58.150.131
297,Josephine,Algar,jalgar88@gov.uk,Female,225.231.13.111
298,Yoko,O'Sirin,yosirin89@ow.ly,Female,21.205.28.27
299,Aymer,Labin,alabin8a@alexa.com,Male,45.78.7.93
300,Annis,Blasgen,ablasgen8b@oracle.com,Female,101.117.38.73
301,Antonius,Maevela,amaevela8c@cornell.edu,Male,58.82.13.57
302,Eddi,Black,eblack8d@who.int,Female,48.86.129.206
303,Rikki,Farrens,rfarrens8e@so-net.ne.jp,Female,22.108.251.44
304,Gare,Medlicott,gmedlicott8f@a8.net,Male,104.232.133.106
305,Peggy,Scramage,pscramage8g@kickstarter.com,Female,80.40.179.147
306,Fanchon,Harte,fharte8h@google.co.jp,Female,64.212.162.34
307,Piggy,Ingrey,pingrey8i@tamu.edu,Male,92.184.137.195
308,Jdavie,Commusso,jcommusso8j@blogspot.com,Male,210.40.217.14
309,Krispin,Condict,kcondict8k@uol.com.br,Male,201.30.252.253
310,Lenora,Mattia,lmattia8l@hugedomains.com,Female,205.55.102.228
311,Alameda,Gwyn,agwyn8m@geocities.com,Female,59.4.61.224
312,Kassie,Orrocks,korrocks8n@nps.gov,Female,225.169.226.162
313,Ana,Rainsbury,arainsbury8o@icio.us,Female,198.124.11.175
314,Mitzi,Gooday,mgooday8p@ocn.ne.jp,Female,105.226.128.112
315,Bernice,Fonzone,bfonzone8q@china.com.cn,Female,114.92.129.186
316,Devonna,Duke,dduke8r@mlb.com,Female,99.38.124.254
317,Gray,Dybbe,gdybbe8s@engadget.com,Female,49.152.195.69
318,Tedmund,Alphonso,talphonso8t@ucoz.com,Male,171.116.22.13
319,Quintilla,Minette,qminette8u@github.io,Female,213.174.230.176
320,Ardis,Dreamer,adreamer8v@sciencedaily.com,Female,205.38.147.143
321,Lila,Alexsandrev,lalexsandrev8w@nydailynews.com,Female,58.124.211.181
322,Margaret,Mollin,mmollin8x@twitter.com,Female,172.153.214.52
323,Faythe,Rackley,frackley8y@artisteer.com,Female,56.159.59.98
324,Correy,Coverdill,ccoverdill8z@squarespace.com,Male,23.138.228.45
325,Pearla,Dearden,pdearden90@businessweek.com,Female,43.243.183.96
326,Denise,Crissil,dcrissil91@ovh.net,Female,150.53.104.152
327,Jourdain,Wisdish,jwisdish92@is.gd,Male,217.16.144.140
328,Aubrey,Huntriss,ahuntriss93@macromedia.com,Female,162.209.190.33
329,Eamon,Tregea,etregea94@unc.edu,Male,47.10.40.249
330,Hertha,Winfindine,hwinfindine95@europa.eu,Female,153.46.18.34
331,Nita,Aimeric,naimeric96@studiopress.com,Female,104.109.0.62
332,David,Gaitskell,dgaitskell97@ustream.tv,Male,47.1.185.217
333,Tedman,Utteridge,tutteridge98@is.gd,Male,177.96.225.3
334,Jeramie,Navan,jnavan99@gizmodo.com,Male,203.216.229.38
335,Giles,Bulteel,gbulteel9a@4shared.com,Male,134.46.63.90
336,Doti,Folger,dfolger9b@japanpost.jp,Female,32.193.194.118
337,Hartley,Ritter,hritter9c@msu.edu,Male,30.115.173.218
338,Connie,Charopen,ccharopen9d@fema.gov,Male,120.106.2.179
339,Crin,Grob,cgrob9e@t-online.de,Female,64.79.181.225
340,Cindra,Chestle,cchestle9f@oaic.gov.au,Female,120.50.204.108
341,Chrysa,Prudence,cprudence9g@weather.com,Female,189.152.71.112
342,Sandi,Edmans,sedmans9h@about.com,Female,115.51.37.22
343,Bambi,Pales,bpales9i@timesonline.co.uk,Female,165.144.114.211
344,Konstantine,Joselson,kjoselson9j@businesswire.com,Male,120.190.113.234
345,Larry,Lawlie,llawlie9k@hugedomains.com,Male,217.184.184.241
346,Malissia,Trett,mtrett9l@mayoclinic.com,Female,174.136.120.44
347,Faun,Dugmore,fdugmore9m@nsw.gov.au,Female,22.232.218.42
348,Joye,Brainsby,jbrainsby9n@hc360.com,Female,66.10.95.231
349,Leo,Tarte,ltarte9o@t-online.de,Male,236.111.202.215
350,Timmi,Clempton,tclempton9p@boston.com,Female,60.212.73.18
351,Llywellyn,Dishman,ldishman9q@digg.com,Male,24.54.242.159
352,Saudra,Laurance,slaurance9r@pagesperso-orange.fr,Female,86.236.43.118
353,Leone,Truder,ltruder9s@stanford.edu,Female,46.125.145.61
354,Egan,Bigley,ebigley9t@oakley.com,Male,136.143.139.206
355,Preston,Peplaw,ppeplaw9u@addthis.com,Male,66.123.18.4
356,Sven,Browning,sbrowning9v@163.com,Male,145.83.116.160
357,Lurleen,Birdfield,lbirdfield9w@usa.gov,Female,210.184.176.177
358,Dorthea,Gissing,dgissing9x@blogtalkradio.com,Female,38.25.206.234
359,Caron,Theze,ctheze9y@unblog.fr,Female,182.84.8.55
360,Kelly,Hilliam,khilliam9z@purevolume.com,Female,156.215.197.6
361,Aila,Kitchin,akitchina0@alexa.com,Female,140.18.237.67
362,Peter,Plane,pplanea1@deliciousdays.com,Male,56.157.147.151
363,Fredrika,Dyzart,fdyzarta2@yale.edu,Female,192.122.55.74
364,Merle,Lighterness,mlighternessa3@umn.edu,Male,125.132.193.173
365,Kristo,Dassindale,kdassindalea4@huffingtonpost.com,Male,28.142.151.156
366,Humfried,Truggian,htruggiana5@discovery.com,Male,175.160.160.207
367,Jourdan,Quene,jquenea6@netscape.com,Female,162.50.153.254
368,Xavier,Sondon,xsondona7@wordpress.org,Male,209.72.200.134
369,Alyce,Coners,aconersa8@desdev.cn,Female,56.48.171.92
370,Darbie,Janway,djanwaya9@java.com,Female,205.163.12.58
371,Averell,Dmtrovic,admtrovicaa@about.me,Male,206.177.46.35
372,Kriste,Vondra,kvondraab@google.ru,Female,235.255.137.50
373,Clywd,Gennings,cgenningsac@list-manage.com,Male,128.190.195.197
374,Cyrus,Dalgarno,cdalgarnoad@wikipedia.org,Male,178.172.1.111
375,Minerva,Malkinson,mmalkinsonae@cdc.gov,Female,154.178.14.63
376,Cleo,Laughton,claughtonaf@networksolutions.com,Female,142.238.140.127
377,Des,Hatje,dhatjeag@upenn.edu,Male,53.160.47.68
378,Meade,Danhel,mdanhelah@hud.gov,Male,147.152.174.54
379,Ulric,Skerritt,uskerrittai@un.org,Male,149.27.236.31
380,Freeland,Cribbin,fcribbinaj@archive.org,Male,240.250.209.157
381,Kearney,Roland,krolandak@1688.com,Male,108.222.96.242
382,Wat,McCamish,wmccamishal@bluehost.com,Male,111.143.173.23
383,Mechelle,Vanyukov,mvanyukovam@reverbnation.com,Female,85.216.120.77
384,Gertrudis,Gypps,ggyppsan@opensource.org,Female,161.195.57.125
385,Codi,Meynell,cmeynellao@prnewswire.com,Male,97.182.66.99
386,Ximenes,Thiem,xthiemap@cnbc.com,Male,16.107.51.133
387,Timi,D'Adamo,tdadamoaq@bigcartel.com,Female,244.80.142.154
388,Gabie,Haymes,ghaymesar@cnn.com,Male,251.189.251.215
389,Shaina,Gusticke,sgustickeas@marketwatch.com,Female,228.236.47.177
390,Arabelle,Tocque,atocqueat@ebay.com,Female,150.110.146.192
391,Vanna,Richemont,vrichemontau@loc.gov,Female,173.147.168.123
392,Sabina,Swanborrow,sswanborrowav@mac.com,Female,128.213.126.149
393,Harrie,Alldread,halldreadaw@rediff.com,Female,15.130.75.206
394,Jo-anne,Babalola,jbabalolaax@google.it,Female,242.32.53.106
395,Keeley,Marshalleck,kmarshalleckay@latimes.com,Female,183.130.11.50
396,Iosep,Cutbirth,icutbirthaz@discovery.com,Male,73.45.240.140
397,Lenard,Thackeray,lthackerayb0@com.com,Male,25.152.33.53
398,Patsy,Vaar,pvaarb1@omniture.com,Male,221.156.252.239
399,Gwennie,Gallimore,ggallimoreb2@soundcloud.com,Female,205.168.178.76
400,Margaux,Randales,mrandalesb3@about.me,Female,19.38.198.226
401,Zared,Gibbeson,zgibbesonb4@amazonaws.com,Male,150.80.144.90
402,Torey,Grono,tgronob5@prnewswire.com,Female,87.152.83.30
403,Trent,Broomfield,tbroomfieldb6@163.com,Male,105.106.94.81
404,Nanon,Everix,neverixb7@twitter.com,Female,2.138.148.145
405,Jacquenette,Bernardoni,jbernardonib8@baidu.com,Female,168.46.38.185
406,Ninette,Sharman,nsharmanb9@ted.com,Female,35.17.56.39
407,Eve,McIlenna,emcilennaba@si.edu,Female,116.192.109.209
408,Doro,Gutridge,dgutridgebb@youtube.com,Female,157.77.238.189
409,Nissie,Merkel,nmerkelbc@columbia.edu,Female,121.10.13.145
410,Tybi,Beeston,tbeestonbd@chron.com,Female,43.137.79.206
411,Tish,Lanfare,tlanfarebe@alexa.com,Female,15.214.170.113
412,Booth,McLelland,bmclellandbf@tinypic.com,Male,180.135.179.131
413,Banky,Wones,bwonesbg@bbc.co.uk,Male,49.59.117.157
414,Rainer,Obee,robeebh@t-online.de,Male,191.104.48.96
415,Dell,Sleep,dsleepbi@kickstarter.com,Female,133.175.2.130
416,Tammy,Lightwing,tlightwingbj@wikia.com,Male,46.12.234.241
417,Hailee,Brood,hbroodbk@weebly.com,Female,252.189.66.48
418,Nicola,Dyke,ndykebl@netscape.com,Female,88.174.42.192
419,Rosanna,Goodie,rgoodiebm@sun.com,Female,132.146.119.234
420,Berne,Jendas,bjendasbn@canalblog.com,Male,244.207.177.110
421,Kayley,Edgell,kedgellbo@ucla.edu,Female,245.237.167.20
422,Lonni,Davidovics,ldavidovicsbp@prnewswire.com,Female,15.112.113.213
423,Marten,Witton,mwittonbq@gnu.org,Male,60.226.66.34
424,Wallie,Culcheth,wculchethbr@quantcast.com,Female,127.16.5.46
425,Ole,Goggen,ogoggenbs@com.com,Male,156.69.251.242
426,Tomas,Woolhouse,twoolhousebt@phoca.cz,Male,101.47.67.249
427,My,Livett,mlivettbu@sciencedaily.com,Male,237.89.198.145
428,Phillida,Edgerton,pedgertonbv@umich.edu,Female,116.125.216.233
429,Park,Fenny,pfennybw@google.com.hk,Male,84.78.178.0
430,Cobbie,McMickan,cmcmickanbx@slashdot.org,Male,201.161.30.181
431,Alisa,Mowatt,amowattby@last.fm,Female,245.105.87.160
432,Port,Chicchetto,pchicchettobz@tamu.edu,Male,226.176.90.45
433,Dana,Tebboth,dtebbothc0@sfgate.com,Male,107.182.81.99
434,Florian,Turrell,fturrellc1@joomla.org,Male,207.241.85.101
435,Ephrayim,Perago,eperagoc2@fotki.com,Male,174.237.192.137
436,Gavrielle,Cawson,gcawsonc3@businessinsider.com,Female,239.185.162.202
437,Maggie,Houseman,mhousemanc4@nps.gov,Female,1.34.86.0
438,Normy,Riha,nrihac5@cargocollective.com,Male,47.36.35.3
439,Joanie,Placstone,jplacstonec6@mtv.com,Female,144.238.148.140
440,Ethelbert,Housby,ehousbyc7@simplemachines.org,Male,203.89.188.208
441,Gene,Small,gsmallc8@forbes.com,Female,225.27.129.141
442,Kassandra,Dell 'Orto,kdellortoc9@army.mil,Female,134.142.105.134
443,Jarrad,Djokic,jdjokicca@mediafire.com,Male,149.201.210.8
444,Dorothee,Gough,dgoughcb@prnewswire.com,Female,125.190.86.126
445,Culver,Chetter,cchettercc@wsj.com,Male,125.167.131.131
446,Adrien,Holligan,aholligancd@biglobe.ne.jp,Male,7.144.49.41
447,Melina,Packe,mpackece@wiley.com,Female,215.166.46.219
448,Jonas,McTrustie,jmctrustiecf@businesswire.com,Male,228.208.143.39
449,Herold,Mayzes,hmayzescg@bbb.org,Male,212.165.123.100
450,Rycca,Kraut,rkrautch@blinklist.com,Female,67.188.82.6
451,Libby,Meininger,lmeiningerci@prlog.org,Female,199.166.110.240
452,Rollin,Van den Dael,rvandendaelcj@fc2.com,Male,225.172.15.166
453,Baily,Aimable,baimableck@baidu.com,Male,125.43.170.79
454,Korella,Staples,kstaplescl@ucoz.com,Female,233.215.107.106
455,Murdoch,Stovine,mstovinecm@statcounter.com,Male,126.26.207.168
456,Shirlee,Dreier,sdreiercn@51.la,Female,167.137.213.195
457,Rollins,Brastead,rbrasteadco@businessweek.com,Male,26.64.18.16
458,Augie,Shinner,ashinnercp@sina.com.cn,Male,86.54.17.225
459,Bobbe,Curzey,bcurzeycq@dmoz.org,Female,184.45.133.19
460,Stanton,Schiersch,sschierschcr@google.co.uk,Male,88.152.75.122
461,Thom,Howsam,thowsamcs@wikia.com,Male,224.75.115.201
462,Jeri,Chattelaine,jchattelainect@indiegogo.com,Female,39.152.200.71
463,Christen,Worts,cwortscu@dagondesign.com,Female,132.245.159.59
464,Henrieta,Largen,hlargencv@pagesperso-orange.fr,Female,85.173.96.175
465,Hunter,Tingly,htinglycw@a8.net,Male,173.253.87.67
466,Sean,Wilder,swildercx@soundcloud.com,Male,78.230.180.183
467,Holly,Snelson,hsnelsoncy@ezinearticles.com,Male,26.227.113.21
468,Nicolai,Moughtin,nmoughtincz@oaic.gov.au,Male,189.86.216.172
469,Wendel,Fosdick,wfosdickd0@freewebs.com,Male,203.164.195.25
470,Kriste,Lippini,klippinid1@nhs.uk,Female,240.5.97.78
471,Annabela,Bruhnsen,abruhnsend2@earthlink.net,Female,154.249.25.166
472,Hazlett,Lacroux,hlacrouxd3@addthis.com,Male,233.244.72.208
473,Laurie,Langdridge,llangdridged4@topsy.com,Female,197.150.73.237
474,Whittaker,Audus,waudusd5@indiatimes.com,Male,125.15.180.7
475,Darcie,Skelhorne,dskelhorned6@friendfeed.com,Female,128.118.168.47
476,Wes,Mingame,wmingamed7@europa.eu,Male,39.220.170.137
477,Say,Jonas,sjonasd8@blogspot.com,Male,213.136.92.136
478,Torry,McTrusty,tmctrustyd9@umn.edu,Male,146.230.105.141
479,Tonie,Benson,tbensonda@mac.com,Female,224.232.31.228
480,Cosimo,Cream,ccreamdb@friendfeed.com,Male,206.43.0.231
481,Lilian,Lett,llettdc@chronoengine.com,Female,83.191.105.198
482,Sandra,Speenden,sspeendendd@telegraph.co.uk,Female,178.85.189.21
483,Yetta,Durnian,ydurniande@cnet.com,Female,36.219.241.49
484,Dalenna,Dyet,ddyetdf@php.net,Female,87.61.124.31
485,Phil,Ledeker,pledekerdg@jugem.jp,Male,156.216.73.107
486,Tobi,Dymocke,tdymockedh@ca.gov,Female,215.133.186.118
487,Almeda,Dedon,adedondi@businessinsider.com,Female,163.61.151.123
488,Bibby,Tivolier,btivolierdj@guardian.co.uk,Female,191.156.209.59
489,Cecil,Lay,claydk@buzzfeed.com,Male,12.211.253.15
490,Cesare,Juggins,cjugginsdl@auda.org.au,Male,206.1.235.44
491,Micah,Elacoate,melacoatedm@ocn.ne.jp,Male,113.156.90.98
492,Weylin,Maylam,wmaylamdn@nsw.gov.au,Male,78.117.184.15
493,Don,Argue,darguedo@mozilla.com,Male,82.166.249.63
494,Waiter,Braxton,wbraxtondp@sitemeter.com,Male,239.59.54.1
495,Carlota,Weakley,cweakleydq@dailymail.co.uk,Female,155.175.9.151
496,Michel,Shelf,mshelfdr@prlog.org,Female,160.30.59.150
497,Frayda,Wytchard,fwytchardds@sphinn.com,Female,167.32.17.246
498,Trevor,Keaton,tkeatondt@cdc.gov,Male,44.161.59.54
499,Cirillo,Doran,cdorandu@devhub.com,Male,143.168.124.175
500,Alayne,Biner,abinerdv@yolasite.com,Female,114.47.104.35
501,Sergei,Salvatore,ssalvatoredw@g.co,Male,250.157.250.78
502,Lowe,Solano,lsolanodx@webs.com,Male,119.100.118.87
503,Koressa,Scruton,kscrutondy@bigcartel.com,Female,252.116.57.37
504,Barnebas,Vasyukhin,bvasyukhindz@yale.edu,Male,233.4.142.138
505,Yorgos,Dhennin,ydhennine0@bloomberg.com,Male,221.204.71.116
506,Zaria,Shallcrass,zshallcrasse1@upenn.edu,Female,254.169.136.14
507,Florida,Lamburn,flamburne2@tinypic.com,Female,178.19.166.17
508,Rosemary,Giffard,rgiffarde3@ning.com,Female,7.111.28.18
509,Shirlee,Renney,srenneye4@springer.com,Female,148.18.98.1
510,Mari,Roches,mrochese5@unicef.org,Female,9.60.194.240
511,Buiron,Ludron,bludrone6@biblegateway.com,Male,219.242.202.29
512,Marlyn,Bartolomeotti,mbartolomeottie7@slideshare.net,Female,147.202.235.11
513,Isa,Cremins,icreminse8@mysql.com,Female,199.234.162.247
514,Burty,Heaps,bheapse9@webnode.com,Male,39.62.55.242
515,Sidnee,Gitting,sgittingea@lulu.com,Male,101.200.163.96
516,Mathilda,Bontoft,mbontofteb@dmoz.org,Female,80.19.7.132
517,Rutledge,Oakeby,roakebyec@howstuffworks.com,Male,22.21.74.76
518,Igor,Singyard,isingyarded@tinyurl.com,Male,55.146.228.254
519,Ines,Abys,iabysee@cnbc.com,Female,216.239.142.244
520,Tait,O'Scollain,toscollainef@multiply.com,Male,32.88.239.128
521,Arleyne,Etty,aettyeg@yellowpages.com,Female,156.248.118.123
522,Tito,Ratter,trattereh@newyorker.com,Male,232.191.48.217
523,Rabbi,Beaby,rbeabyei@gmpg.org,Male,190.216.94.157
524,Cyndie,Mullin,cmullinej@mlb.com,Female,175.142.219.194
525,Barney,Grouse,bgrouseek@yahoo.co.jp,Male,70.8.89.252
526,Tomlin,Reford,trefordel@tuttocitta.it,Male,57.164.207.6
527,Sigmund,Nelthorp,snelthorpem@reuters.com,Male,1.212.5.253
528,Vasily,Goddert.sf,vgoddertsfen@moonfruit.com,Male,215.242.206.215
529,Mariya,Brightie,mbrightieeo@sina.com.cn,Female,253.54.40.79
530,Bailey,Pretti,bprettiep@google.com.au,Male,73.184.160.113
531,Joshia,Chavey,jchaveyeq@cdc.gov,Male,126.182.131.221
532,Bonny,Bouchard,bboucharder@netvibes.com,Female,123.88.40.71
533,Zedekiah,Hucks,zhuckses@g.co,Male,64.53.106.58
534,Novelia,Bonhomme,nbonhommeet@princeton.edu,Female,211.69.87.103
535,Marlene,Corbin,mcorbineu@list-manage.com,Female,185.200.24.170
536,Harris,Chapelhow,hchapelhowev@mit.edu,Male,68.186.241.165
537,Ives,Dagless,idaglessew@imdb.com,Male,166.118.198.221
538,Ellyn,Hoyles,ehoylesex@google.com.br,Female,96.209.136.89
539,Hansiain,Caught,hcaughtey@fda.gov,Male,1.247.117.246
540,Shannah,Goodram,sgoodramez@newsvine.com,Female,19.193.214.248
541,Alena,Beamont,abeamontf0@t-online.de,Female,169.74.212.33
542,Adriena,Churchlow,achurchlowf1@mapquest.com,Female,29.46.40.174
543,Oliviero,Barlass,obarlassf2@quantcast.com,Male,120.111.104.177
544,Shauna,Effnert,seffnertf3@google.cn,Female,80.7.171.170
545,Malvin,Ioan,mioanf4@people.com.cn,Male,107.190.235.129
546,Marcelline,Jacobsohn,mjacobsohnf5@bbc.co.uk,Female,238.66.135.129
547,Jonis,Smallpeace,jsmallpeacef6@macromedia.com,Female,251.124.13.146
548,Katrina,Brettel,kbrettelf7@tinyurl.com,Female,200.117.233.159
549,Niels,Cinelli,ncinellif8@wikia.com,Male,230.34.82.196
550,Leupold,Minto,lmintof9@eepurl.com,Male,225.227.154.90
551,Georgianna,Patron,gpatronfa@paginegialle.it,Female,17.195.25.65
552,Wrennie,Falconbridge,wfalconbridgefb@ning.com,Female,134.85.127.205
553,Welch,Fedoronko,wfedoronkofc@icio.us,Male,51.50.120.102
554,Greggory,Outright,goutrightfd@unc.edu,Male,236.126.124.212
555,Stafford,Fanner,sfannerfe@sun.com,Male,47.209.128.121
556,Mar,Phoenix,mphoenixff@stanford.edu,Male,156.154.149.235
557,Ailbert,Erington,aeringtonfg@cdc.gov,Male,207.82.7.232
558,Kippy,Guiraud,kguiraudfh@tumblr.com,Female,26.193.84.96
559,Earvin,Binham,ebinhamfi@behance.net,Male,72.146.165.202
560,Aldridge,Crumly,acrumlyfj@liveinternet.ru,Male,157.82.37.111
561,Lavinia,Fazackerley,lfazackerleyfk@sohu.com,Female,143.42.18.218
562,Nicolette,Behnke,nbehnkefl@nydailynews.com,Female,52.129.186.80
563,Bernete,Sirman,bsirmanfm@tmall.com,Female,56.133.80.228
564,Glenn,Gabe,ggabefn@reddit.com,Male,47.7.226.126
565,Alvie,Spain-Gower,aspaingowerfo@fastcompany.com,Male,112.81.197.187
566,Butch,Janousek,bjanousekfp@123-reg.co.uk,Male,208.112.142.32
567,Thibaut,Scamel,tscamelfq@mtv.com,Male,182.96.205.133
568,Cesare,Duffus,cduffusfr@cdbaby.com,Male,114.89.219.133
569,Livy,Anan,lananfs@boston.com,Female,197.239.189.227
570,Haze,Forbear,hforbearft@blogspot.com,Male,30.156.179.106
571,Sada,Pereira,spereirafu@addtoany.com,Female,237.230.147.239
572,Bryn,Leivers,bleiversfv@infoseek.co.jp,Female,126.32.165.243
573,Isobel,Paffitt,ipaffittfw@wikispaces.com,Female,19.52.54.251
574,Parker,Brangan,pbranganfx@usa.gov,Male,152.91.34.241
575,Sydney,Kyttor,skyttorfy@ifeng.com,Male,236.97.243.253
576,Roanne,Curd,rcurdfz@japanpost.jp,Female,148.243.195.82
577,Rollin,Lindenman,rlindenmang0@w3.org,Male,17.88.83.29
578,Charlotte,Skrzynski,cskrzynskig1@4shared.com,Female,51.185.139.222
579,Davon,Maltman,dmaltmang2@accuweather.com,Male,71.237.43.179
580,Wally,Ravillas,wravillasg3@java.com,Female,160.163.184.193
581,Melina,Dicken,mdickeng4@yellowbook.com,Female,77.83.254.143
582,Denni,Titterell,dtitterellg5@printfriendly.com,Female,106.31.228.198
583,Randell,Curcher,rcurcherg6@forbes.com,Male,56.153.129.112
584,Atlanta,Ellwell,aellwellg7@ox.ac.uk,Female,251.203.201.183
585,Simona,Orwin,sorwing8@wp.com,Female,117.98.15.232
586,Barron,Lemasney,blemasneyg9@bigcartel.com,Male,95.230.132.144
587,Ricard,Ould,rouldga@wunderground.com,Male,131.166.247.98
588,Tommy,Peele,tpeelegb@wisc.edu,Female,238.125.110.189
589,Austen,Reddish,areddishgc@about.com,Male,242.102.210.164
590,Morly,Gaspar,mgaspargd@google.fr,Male,112.119.161.133
591,Ettore,De Ruggiero,ederuggieroge@psu.edu,Male,27.217.12.20
592,Adolpho,Tarplee,atarpleegf@google.es,Male,181.251.233.72
593,Olympe,Arbon,oarbongg@ameblo.jp,Female,82.218.70.35
594,Dale,Heathwood,dheathwoodgh@slashdot.org,Female,170.167.187.216
595,Eli,McArdle,emcardlegi@un.org,Male,130.224.196.94
596,Sky,Carsberg,scarsberggj@fastcompany.com,Male,114.28.5.92
597,Easter,Upchurch,eupchurchgk@fema.gov,Female,239.151.176.15
598,Zolly,Rounce,zrouncegl@technorati.com,Male,107.186.60.75
599,Bryanty,Kliemchen,bkliemchengm@e-recht24.de,Male,21.235.40.165
600,Hedvige,Sermin,hsermingn@tripod.com,Female,225.18.9.0
601,Alasteir,Dabs,adabsgo@weibo.com,Male,45.120.74.25
602,Camala,Beat,cbeatgp@stanford.edu,Female,10.240.68.239
603,Jarrod,Fairbard,jfairbardgq@usgs.gov,Male,13.106.14.199
604,Brock,Tottie,btottiegr@nature.com,Male,169.219.92.196
605,Riordan,Chatenet,rchatenetgs@123-reg.co.uk,Male,119.20.168.126
606,Cheston,Eitter,ceittergt@paypal.com,Male,241.62.120.205
607,Gaston,Codd,gcoddgu@bizjournals.com,Male,210.197.221.73
608,Sallie,Dyment,sdymentgv@tmall.com,Female,213.171.32.82
609,Filbert,Buff,fbuffgw@opensource.org,Male,204.232.118.99
610,Bjorn,Jaime,bjaimegx@smh.com.au,Male,19.89.246.226
611,Anjela,Persicke,apersickegy@loc.gov,Female,185.79.92.144
612,Cally,Gasking,cgaskinggz@dion.ne.jp,Female,45.11.22.176
613,Rowland,Kempe,rkempeh0@nymag.com,Male,106.253.121.203
614,Margo,Wittrington,mwittringtonh1@vinaora.com,Female,150.28.122.124
615,Fredi,Zecchinelli,fzecchinellih2@google.co.uk,Female,125.221.21.222
616,Ninnetta,Carleton,ncarletonh3@dagondesign.com,Female,4.92.173.211
617,Mikael,Pauncefoot,mpauncefooth4@dyndns.org,Male,201.65.6.38
618,Lemmie,Pringuer,lpringuerh5@chronoengine.com,Male,214.249.172.157
619,Adrien,Boycott,aboycotth6@yolasite.com,Male,76.169.167.43
620,Aggi,Ostrich,aostrichh7@weather.com,Female,172.137.138.57
621,Kandy,Masden,kmasdenh8@indiatimes.com,Female,208.5.64.130
622,Yovonnda,Leopold,yleopoldh9@harvard.edu,Female,68.177.124.200
623,Lindy,MacKeig,lmackeigha@infoseek.co.jp,Female,60.244.115.156
624,Peirce,Balfe,pbalfehb@upenn.edu,Male,192.84.185.212
625,Cherry,Nellies,cnellieshc@state.tx.us,Female,62.16.220.85
626,Eartha,Gurys,eguryshd@multiply.com,Female,21.79.205.63
627,Kermie,Gregr,kgregrhe@weather.com,Male,94.32.4.199
628,Cornie,Thwaites,cthwaiteshf@yellowpages.com,Female,61.37.102.220
629,Emmye,Hindes,ehindeshg@shinystat.com,Female,251.118.54.159
630,Ann,Sauvan,asauvanhh@typepad.com,Female,84.72.148.242
631,Mallory,Labet,mlabethi@apache.org,Female,88.87.2.125
632,Charla,Sauniere,csaunierehj@drupal.org,Female,25.65.168.107
633,Thoma,Bonn,tbonnhk@bluehost.com,Male,106.227.83.71
634,Gwenore,McArdell,gmcardellhl@intel.com,Female,239.160.132.193
635,Coleman,Jullian,cjullianhm@booking.com,Male,73.21.97.63
636,Bella,Fidge,bfidgehn@go.com,Female,85.70.163.10
637,Marthena,Struis,mstruisho@amazon.co.uk,Female,255.130.229.135
638,Lauritz,Holyard,lholyardhp@artisteer.com,Male,141.7.135.245
639,Antonina,Darby,adarbyhq@paypal.com,Female,50.163.248.169
640,Nata,Worboys,nworboyshr@goo.gl,Female,108.136.30.148
641,Reilly,Spier,rspierhs@list-manage.com,Male,197.40.62.244
642,Jerrie,Busain,jbusainht@cdc.gov,Male,93.173.198.173
643,Creigh,MacCallester,cmaccallesterhu@cam.ac.uk,Male,220.165.147.77
644,Ben,Lowndsborough,blowndsboroughhv@alibaba.com,Male,220.225.109.69
645,Dori,Lithcow,dlithcowhw@stanford.edu,Female,72.35.99.226
646,Brunhilde,Schankel,bschankelhx@army.mil,Female,219.92.182.163
647,Emogene,Shermore,eshermorehy@dagondesign.com,Female,239.201.212.177
648,Danya,Heber,dheberhz@youtu.be,Male,6.145.176.217
649,Shepard,Blas,sblasi0@exblog.jp,Male,23.32.148.77
650,Bud,Marham,bmarhami1@quantcast.com,Male,11.74.36.18
651,Matthiew,Dibble,mdibblei2@jimdo.com,Male,31.62.151.144
652,Mel,Sackes,msackesi3@businessweek.com,Female,47.10.91.246
653,Trula,Lovel,tloveli4@nymag.com,Female,203.23.229.248
654,Kelci,Tardiff,ktardiffi5@mlb.com,Female,36.47.12.109
655,Dasi,Downing,ddowningi6@printfriendly.com,Female,94.130.131.172
656,Rhianon,Tweddle,rtweddlei7@dropbox.com,Female,75.198.250.202
657,Giacopo,Daulby,gdaulbyi8@163.com,Male,255.79.210.181
658,Judith,Hagard,jhagardi9@marriott.com,Female,27.96.149.130
659,Andrej,Coundley,acoundleyia@salon.com,Male,182.33.237.72
660,Leif,Lovstrom,llovstromib@accuweather.com,Male,107.187.52.225
661,Laurel,Varker,lvarkeric@spiegel.de,Female,106.122.155.199
662,Aron,Claris,aclarisid@zdnet.com,Male,242.180.158.145
663,Marylin,Larwood,mlarwoodie@go.com,Female,43.110.76.32
664,Nanete,Amberger,nambergerif@msn.com,Female,180.162.24.42
665,La verne,Carleton,lcarletonig@blogs.com,Female,85.51.143.171
666,Donnie,Quibell,dquibellih@goodreads.com,Male,197.23.135.180
667,Ilaire,O'Canavan,iocanavanii@so-net.ne.jp,Male,213.59.165.125
668,Eulalie,Parish,eparishij@blogtalkradio.com,Female,154.229.154.142
669,Stacy,Cockcroft,scockcroftik@gizmodo.com,Male,202.251.176.175
670,Ranee,Shuter,rshuteril@yandex.ru,Female,221.82.104.180
671,Caressa,Boyda,cboydaim@sciencedirect.com,Female,221.63.7.98
672,Viola,Kennett,vkennettin@sfgate.com,Female,8.194.78.182
673,Peyter,Emeline,pemelineio@w3.org,Male,237.53.101.109
674,Carolynn,Iacapucci,ciacapucciip@seesaa.net,Female,83.89.29.212
675,Dannie,Gallego,dgallegoiq@soundcloud.com,Male,8.116.102.173
676,Raimundo,O'Hdirscoll,rohdirscollir@tuttocitta.it,Male,13.231.179.170
677,Roz,Elstone,relstoneis@ifeng.com,Female,13.22.7.102
678,Ellette,Garthshore,egarthshoreit@usatoday.com,Female,56.139.97.29
679,Kore,Hevner,khevneriu@squarespace.com,Female,104.104.134.233
680,Adelle,Paddle,apaddleiv@cbc.ca,Female,103.83.56.131
681,Anni,Tollet,atolletiw@newyorker.com,Female,39.16.117.41
682,Lowell,Haws,lhawsix@wix.com,Male,79.162.88.115
683,Gayleen,Tarborn,gtarborniy@cdc.gov,Female,160.170.40.151
684,Davide,Fenny,dfennyiz@jimdo.com,Male,14.87.110.188
685,Briano,Jurgen,bjurgenj0@sciencedirect.com,Male,80.63.212.203
686,Zebulen,Tunkin,ztunkinj1@nih.gov,Male,97.234.109.65
687,Dorri,Dawbury,ddawburyj2@latimes.com,Female,81.66.131.97
688,Archaimbaud,Scotson,ascotsonj3@mit.edu,Male,96.17.68.126
689,Glendon,Amer,gamerj4@ocn.ne.jp,Male,110.75.197.13
690,Jory,Sleford,jslefordj5@prlog.org,Male,155.23.92.223
691,Job,Anfossi,janfossij6@hc360.com,Male,62.31.138.106
692,Virginia,Balderson,vbaldersonj7@surveymonkey.com,Female,149.29.199.217
693,Thaxter,Bondesen,tbondesenj8@quantcast.com,Male,225.54.11.12
694,Maud,Chadwick,mchadwickj9@state.gov,Female,253.240.126.153
695,Etty,Rockhall,erockhallja@phpbb.com,Female,108.181.218.50
696,Tisha,Crummy,tcrummyjb@webnode.com,Female,145.175.175.177
697,Kym,Delete,kdeletejc@bbb.org,Female,240.134.243.2
698,Bevvy,Canto,bcantojd@tripod.com,Female,95.210.181.59
699,Daryl,Hewkin,dhewkinje@forbes.com,Female,192.147.229.125
700,Lorne,Andrysek,landrysekjf@hexun.com,Male,202.123.55.64
701,Fae,Binns,fbinnsjg@diigo.com,Female,93.180.241.142
702,Noellyn,Kullmann,nkullmannjh@t.co,Female,235.155.232.111
703,Jeramie,Pittwood,jpittwoodji@biglobe.ne.jp,Male,12.34.100.236
704,Alanson,O' Borne,aobornejj@devhub.com,Male,49.227.188.81
705,Kit,Robardley,krobardleyjk@tumblr.com,Female,248.181.50.254
706,Tate,Penhall,tpenhalljl@taobao.com,Female,142.195.37.65
707,Vince,Benstead,vbensteadjm@163.com,Male,242.90.105.46
708,Sidonnie,Anthonsen,santhonsenjn@flickr.com,Female,45.166.212.151
709,Lavinie,Dullaghan,ldullaghanjo@amazon.de,Female,15.212.45.90
710,Anitra,Still,astilljp@posterous.com,Female,234.192.26.143
711,Claudia,Attard,cattardjq@comcast.net,Female,139.67.148.185
712,Florina,Dulwitch,fdulwitchjr@yellowpages.com,Female,122.129.224.185
713,Florian,Windybank,fwindybankjs@w3.org,Male,229.231.70.220
714,Xerxes,Bech,xbechjt@dagondesign.com,Male,68.246.212.101
715,Rad,Tingey,rtingeyju@de.vu,Male,0.11.207.138
716,Cletus,Adrain,cadrainjv@facebook.com,Male,72.8.237.58
717,Otis,McCerery,omccereryjw@geocities.jp,Male,49.1.173.82
718,Wiley,Malamore,wmalamorejx@prnewswire.com,Male,174.155.97.105
719,Terencio,Lampl,tlampljy@nytimes.com,Male,2.79.74.101
720,Bentley,Hacard,bhacardjz@dedecms.com,Male,74.171.235.47
721,Phelia,Eidelman,peidelmank0@networksolutions.com,Female,71.62.8.237
722,Michel,Staziker,mstazikerk1@mit.edu,Female,116.145.177.52
723,Oliviero,Woofenden,owoofendenk2@github.com,Male,100.175.254.200
724,Delia,Blankett,dblankettk3@answers.com,Female,253.2.141.247
725,Laure,Baus,lbausk4@goodreads.com,Female,245.148.111.161
726,Michell,Ranscombe,mranscombek5@photobucket.com,Female,92.217.65.195
727,Aldrich,Doggart,adoggartk6@sourceforge.net,Male,134.195.195.93
728,Ian,Cosgry,icosgryk7@ftc.gov,Male,70.189.191.140
729,Leonora,Evitts,levittsk8@theglobeandmail.com,Female,81.31.141.202
730,Betsey,Bariball,bbariballk9@parallels.com,Female,64.20.9.187
731,Jeanne,Breeze,jbreezeka@cocolog-nifty.com,Female,106.14.242.31
732,Ardeen,Quarry,aquarrykb@economist.com,Female,229.93.101.59
733,Jacques,Folkerts,jfolkertskc@dell.com,Male,129.147.122.3
734,Gib,Gherardi,ggherardikd@parallels.com,Male,129.134.25.60
735,Rickey,Rivalant,rrivalantke@dedecms.com,Male,223.149.94.87
736,Jock,Vann,jvannkf@joomla.org,Male,254.20.61.161
737,Brett,Gallyon,bgallyonkg@sphinn.com,Male,124.220.213.240
738,Jessika,Merrisson,jmerrissonkh@mayoclinic.com,Female,167.40.251.188
739,Dulce,Bootton,dboottonki@google.com,Female,88.165.19.26
740,Gerome,Massy,gmassykj@amazon.de,Male,115.155.252.225
741,Maury,Emptage,memptagekk@liveinternet.ru,Male,248.195.106.15
742,Jorgan,Puddifer,jpuddiferkl@woothemes.com,Male,43.200.10.96
743,Annissa,Cheney,acheneykm@github.com,Female,189.147.243.163
744,Ermanno,Wainer,ewainerkn@zdnet.com,Male,26.175.125.65
745,Denney,Fitchet,dfitchetko@hc360.com,Male,193.243.99.230
746,Prentiss,Seymark,pseymarkkp@mit.edu,Male,135.51.232.162
747,Linet,Card,lcardkq@123-reg.co.uk,Female,159.197.225.107
748,Korella,Spiby,kspibykr@spiegel.de,Female,244.156.84.59
749,Kirbee,Badder,kbadderks@a8.net,Female,84.112.20.87
750,Law,Coule,lcoulekt@narod.ru,Male,217.214.232.24
751,Ozzy,Cossey,ocosseyku@1und1.de,Male,32.102.75.163
752,Reece,De la Feld,rdelafeldkv@hp.com,Male,13.81.166.37
753,Jasmine,Ronaldson,jronaldsonkw@cmu.edu,Female,1.117.61.117
754,Jody,Bockett,jbockettkx@vinaora.com,Male,203.218.68.56
755,Dur,Le Gall,dlegallky@fema.gov,Male,51.172.184.191
756,Isidora,Diggins,idigginskz@loc.gov,Female,16.251.43.241
757,Malissa,Charrier,mcharrierl0@berkeley.edu,Female,59.79.128.91
758,Cynthia,O'Feeny,cofeenyl1@theglobeandmail.com,Female,118.200.116.199
759,Ulick,Inder,uinderl2@blinklist.com,Male,170.177.169.216
760,Berton,Jeannenet,bjeannenetl3@constantcontact.com,Male,203.144.165.160
761,Bryant,Garr,bgarrl4@home.pl,Male,221.96.55.244
762,Care,Kiln,ckilnl5@instagram.com,Male,183.119.23.54
763,Dannie,Spruce,dsprucel6@example.com,Male,123.147.157.40
764,Phaidra,Poyntz,ppoyntzl7@jiathis.com,Female,205.11.163.107
765,Margery,Wardlaw,mwardlawl8@nyu.edu,Female,25.157.223.68
766,Devi,Barrie,dbarriel9@blinklist.com,Female,52.220.217.214
767,Allen,de Amaya,adeamayala@privacy.gov.au,Male,14.236.180.10
768,Lars,Dwerryhouse,ldwerryhouselb@psu.edu,Male,149.101.90.170
769,Asa,Brosio,abrosiolc@example.com,Male,250.182.207.200
770,Norah,Purkins,npurkinsld@macromedia.com,Female,109.27.7.237
771,Averill,Pedlingham,apedlinghamle@about.me,Male,191.4.20.205
772,Billye,McCluin,bmccluinlf@europa.eu,Female,208.72.187.22
773,Joyan,Tuddenham,jtuddenhamlg@google.nl,Female,196.108.85.34
774,Graeme,Dabnot,gdabnotlh@washingtonpost.com,Male,141.53.82.202
775,Angie,Wharin,awharinli@reference.com,Female,185.137.137.135
776,Anstice,Presman,apresmanlj@yahoo.com,Female,135.140.199.221
777,Sibilla,Saph,ssaphlk@census.gov,Female,89.62.199.4
778,Niki,Sorel,nsorelll@microsoft.com,Male,69.82.251.184
779,Maryellen,Desesquelle,mdesesquellelm@desdev.cn,Female,66.207.189.201
780,Audy,Crannell,acrannellln@livejournal.com,Female,57.118.135.28
781,Bentley,Roja,brojalo@weather.com,Male,148.126.153.33
782,Marysa,Keerl,mkeerllp@businesswire.com,Female,49.226.122.133
783,Durward,Breche,dbrechelq@yolasite.com,Male,175.213.136.160
784,Ellis,Robjents,erobjentslr@webeden.co.uk,Male,70.81.14.66
785,Alexandre,Pegler,apeglerls@soundcloud.com,Male,180.150.2.246
786,Marcel,Slisby,mslisbylt@typepad.com,Male,12.140.27.171
787,Ray,Nicolson,rnicolsonlu@mozilla.org,Male,133.4.10.151
788,Beverlie,Vynoll,bvynolllv@themeforest.net,Female,77.212.223.240
789,Hyacinthe,L'argent,hlargentlw@loc.gov,Female,176.65.62.223
790,Reuven,Culvey,rculveylx@edublogs.org,Male,62.21.106.254
791,Adamo,Carnie,acarniely@blogger.com,Male,151.223.135.186
792,Petrina,Craigmile,pcraigmilelz@123-reg.co.uk,Female,131.19.76.126
793,Ashlin,Trundler,atrundlerm0@edublogs.org,Male,202.33.16.76
794,Salomone,Elkin,selkinm1@indiegogo.com,Male,194.206.91.56
795,Bartram,Innerstone,binnerstonem2@sciencedirect.com,Male,85.211.187.82
796,Jules,Van Der Walt,jvanderwaltm3@weebly.com,Male,28.128.88.248
797,Sunny,Ferriday,sferridaym4@about.me,Female,5.129.130.211
798,Mohandis,Copo,mcopom5@liveinternet.ru,Male,65.108.173.167
799,Gerri,Perrinchief,gperrinchiefm6@nytimes.com,Female,35.131.215.48
800,Alexina,Bramo,abramom7@webeden.co.uk,Female,196.77.16.221
801,Julian,Duerden,jduerdenm8@printfriendly.com,Male,105.195.88.235
802,Lucina,Nolin,lnolinm9@hexun.com,Female,183.65.179.225
803,Art,Cock,acockma@ameblo.jp,Male,162.212.179.224
804,Kyle,McBratney,kmcbratneymb@eventbrite.com,Female,29.181.106.223
805,Gerek,Wooffinden,gwooffindenmc@rediff.com,Male,147.86.99.222
806,Barrie,Arrington,barringtonmd@xing.com,Female,140.56.69.141
807,Merry,Blankau,mblankaume@eventbrite.com,Male,6.105.130.173
808,Welbie,Alelsandrowicz,walelsandrowiczmf@nba.com,Male,135.55.11.158
809,Terrye,Cullip,tcullipmg@php.net,Female,75.135.157.188
810,Reagen,Meaden,rmeadenmh@dell.com,Male,77.183.175.195
811,Berne,Synan,bsynanmi@skyrock.com,Male,222.157.116.55
812,Velma,Perotti,vperottimj@ehow.com,Female,213.17.98.83
813,Josiah,Ridgeway,jridgewaymk@slate.com,Male,116.189.249.112
814,Vasilis,Sciacovelli,vsciacovelliml@google.co.uk,Male,115.127.212.193
815,Gwenore,Jerisch,gjerischmm@virginia.edu,Female,51.163.22.8
816,Maisey,Sworn,mswornmn@multiply.com,Female,159.39.134.23
817,Horten,Tomaszek,htomaszekmo@huffingtonpost.com,Male,103.107.150.183
818,Cristionna,Lemmen,clemmenmp@angelfire.com,Female,246.252.166.155
819,Huntley,Gemson,hgemsonmq@nydailynews.com,Male,80.6.150.135
820,Mary,Gelder,mgeldermr@wikipedia.org,Female,112.57.139.177
821,Loralee,Ayres,layresms@pcworld.com,Female,232.113.44.187
822,Carroll,Branton,cbrantonmt@issuu.com,Female,26.6.145.35
823,Godiva,Waldocke,gwaldockemu@sina.com.cn,Female,234.223.200.238
824,Jaye,Meaking,jmeakingmv@indiatimes.com,Male,46.98.143.102
825,Shelbi,Waddie,swaddiemw@ox.ac.uk,Female,36.34.155.129
826,Marcellina,Ketch,mketchmx@creativecommons.org,Female,160.34.242.195
827,Channa,Millican,cmillicanmy@google.ru,Female,53.243.78.49
828,Alica,Spritt,asprittmz@google.it,Female,249.215.72.58
829,Mady,Cloake,mcloaken0@list-manage.com,Female,96.44.252.39
830,Rockie,Faltin,rfaltinn1@woothemes.com,Male,46.81.168.130
831,Gweneth,Sanchiz,gsanchizn2@moonfruit.com,Female,185.130.166.46
832,Huey,Harler,hharlern3@pcworld.com,Male,67.163.255.249
833,Willis,Ausiello,wausiellon4@chronoengine.com,Male,39.250.234.57
834,Carmine,Godwin,cgodwinn5@virginia.edu,Male,48.70.43.104
835,Hedvig,Shoebrook,hshoebrookn6@google.fr,Female,98.1.142.253
836,Cornelius,Woodworth,cwoodworthn7@comcast.net,Male,229.197.142.215
837,Ev,Swanwick,eswanwickn8@indiegogo.com,Male,243.203.62.175
838,Harriet,Shorte,hshorten9@hugedomains.com,Female,118.44.18.184
839,Den,Warlock,dwarlockna@liveinternet.ru,Male,167.35.109.60
840,Anestassia,Hook,ahooknb@last.fm,Female,217.223.194.119
841,Stanislaw,Gounet,sgounetnc@multiply.com,Male,169.222.159.52
842,Alard,Cuming,acumingnd@latimes.com,Male,4.131.171.146
843,Arlen,Ortiger,aortigerne@toplist.cz,Female,56.48.47.2
844,Kinsley,Dagleas,kdagleasnf@prweb.com,Male,126.90.86.74
845,Mickie,Spradbrow,mspradbrowng@about.com,Male,8.151.187.101
846,Aloysius,Gadeaux,agadeauxnh@vimeo.com,Male,164.45.101.59
847,Tabitha,Jonuzi,tjonuzini@dell.com,Female,94.26.175.149
848,Catherine,Burghall,cburghallnj@boston.com,Female,224.156.235.31
849,Berrie,Lauks,blauksnk@sun.com,Female,25.102.245.177
850,Skip,Scrivenor,sscrivenornl@berkeley.edu,Male,93.85.68.142
851,Eugene,Knightsbridge,eknightsbridgenm@geocities.com,Male,43.212.176.41
852,Conney,Jakubovitch,cjakubovitchnn@biglobe.ne.jp,Male,224.13.224.66
853,Justina,Risley,jrisleyno@networkadvertising.org,Female,1.136.40.190
854,Jacklyn,Feldhorn,jfeldhornnp@friendfeed.com,Female,126.122.214.250
855,Harvey,Ebbrell,hebbrellnq@google.nl,Male,217.91.58.1
856,Fielding,Kubis,fkubisnr@t.co,Male,130.79.161.209
857,Nelia,Pally,npallyns@geocities.com,Female,215.100.12.255
858,Konstanze,Cranna,kcrannant@bloglines.com,Female,10.179.244.134
859,Jewelle,Konrad,jkonradnu@wordpress.org,Female,40.114.115.204
860,Rosaleen,Dwelley,rdwelleynv@hatena.ne.jp,Female,220.205.197.76
861,Dani,Deely,ddeelynw@elpais.com,Female,245.119.26.7
862,Doll,Stoile,dstoilenx@msu.edu,Female,132.154.12.120
863,Kym,Cartmael,kcartmaelny@squidoo.com,Female,78.112.241.69
864,Bevin,Nutkin,bnutkinnz@senate.gov,Male,4.141.19.81
865,Gilly,Spurnier,gspurniero0@tripadvisor.com,Female,156.31.149.49
866,Faith,Mowsdell,fmowsdello1@facebook.com,Female,52.246.190.152
867,Kathrine,Vannar,kvannaro2@army.mil,Female,56.239.49.18
868,Mildrid,Warrack,mwarracko3@hc360.com,Female,6.34.117.50
869,Vicky,Hunton,vhuntono4@google.ca,Female,155.55.228.36
870,Zachery,Neagle,zneagleo5@goodreads.com,Male,38.164.168.194
871,Sterne,Bontoft,sbontofto6@deliciousdays.com,Male,249.11.59.22
872,Cristionna,Leadbeater,cleadbeatero7@blogtalkradio.com,Female,159.18.172.12
873,Tabina,Allibone,talliboneo8@is.gd,Female,120.80.179.62
874,Terry,Rule,truleo9@bizjournals.com,Male,43.235.42.212
875,Mikol,Maleck,mmaleckoa@bbb.org,Male,124.123.136.119
876,Allie,Andrivel,aandrivelob@forbes.com,Male,94.252.220.1
877,Maxi,Fontaine,mfontaineoc@sakura.ne.jp,Female,128.26.133.209
878,Ethel,Wooddisse,ewooddisseod@tripadvisor.com,Female,23.204.36.87
879,Wallis,MacKonochie,wmackonochieoe@biglobe.ne.jp,Male,62.77.39.102
880,Joline,Madill,jmadillof@tumblr.com,Female,71.159.191.157
881,Florencia,McNuff,fmcnuffog@prnewswire.com,Female,66.202.8.39
882,Arnold,Tallyn,atallynoh@oracle.com,Male,180.109.49.64
883,Delly,Ales,dalesoi@rediff.com,Female,141.17.23.44
884,Kerwinn,Wofenden,kwofendenoj@last.fm,Male,97.242.36.18
885,Mireille,Bengefield,mbengefieldok@paginegialle.it,Female,118.170.242.194
886,Micheal,Vearnals,mvearnalsol@economist.com,Male,104.176.247.29
887,Cleve,Arbuckle,carbuckleom@fastcompany.com,Male,81.33.20.60
888,Rod,Davidek,rdavidekon@usda.gov,Male,147.3.164.116
889,Anselm,Coyne,acoyneoo@pen.io,Male,5.30.236.158
890,Lenette,Chillistone,lchillistoneop@bigcartel.com,Female,130.218.175.121
891,Godart,Armsden,garmsdenoq@elegantthemes.com,Male,6.197.33.229
892,Tiebold,Barthropp,tbarthroppor@bluehost.com,Male,41.71.177.55
893,Pavel,Stell,pstellos@discovery.com,Male,9.87.227.248
894,Kynthia,Ackery,kackeryot@drupal.org,Female,125.90.220.157
895,Mose,Mastrantone,mmastrantoneou@symantec.com,Male,201.105.215.72
896,Meryl,Dudson,mdudsonov@europa.eu,Female,79.90.126.104
897,Igor,Goulbourne,igoulbourneow@bravesites.com,Male,44.153.132.246
898,Lyman,Riding,lridingox@infoseek.co.jp,Male,32.58.253.43
899,Vlad,Antonucci,vantonuccioy@vk.com,Male,47.141.124.137
900,Imogene,Swanston,iswanstonoz@sfgate.com,Female,132.196.16.213
901,Ivan,Bernard,ibernardp0@canalblog.com,Male,101.207.25.79
902,Brien,Billie,bbilliep1@de.vu,Male,48.94.78.13
903,Emerson,Heyward,eheywardp2@github.com,Male,182.254.47.145
904,Brooks,Del Dello,bdeldellop3@nasa.gov,Male,3.149.87.219
905,Marjie,Kenninghan,mkenninghanp4@forbes.com,Female,59.165.198.136
906,Marwin,Mollett,mmollettp5@usgs.gov,Male,101.215.218.78
907,Desdemona,Balsellie,dbalselliep6@princeton.edu,Female,18.123.223.80
908,Marika,Peatman,mpeatmanp7@wiley.com,Female,161.212.92.228
909,Trumann,Hadley,thadleyp8@canalblog.com,Male,234.114.8.42
910,Claudius,Pagen,cpagenp9@europa.eu,Male,64.59.250.209
911,Maxy,McInulty,mmcinultypa@reuters.com,Female,232.167.87.237
912,Joachim,Arnott,jarnottpb@bandcamp.com,Male,148.141.219.180
913,Yvor,Ayllett,yayllettpc@4shared.com,Male,198.239.242.162
914,Trace,Pidgley,tpidgleypd@unesco.org,Male,116.98.83.69
915,Neville,Cursey,ncurseype@vinaora.com,Male,215.21.145.151
916,Francisco,Affleck,faffleckpf@zimbio.com,Male,166.77.90.2
917,Madel,Matushevitz,mmatushevitzpg@vkontakte.ru,Female,30.190.76.182
918,Chrissie,Filippyev,cfilippyevph@nytimes.com,Male,206.50.42.30
919,Gilda,Hucklesby,ghucklesbypi@accuweather.com,Female,117.224.57.252
920,Esmaria,Gentle,egentlepj@jigsy.com,Female,4.5.102.0
921,Pennie,Pobjay,ppobjaypk@tuttocitta.it,Female,124.235.138.220
922,Marlon,Juniper,mjuniperpl@people.com.cn,Male,251.69.242.178
923,Peder,Brittan,pbrittanpm@istockphoto.com,Male,24.30.21.30
924,Belia,Cockerton,bcockertonpn@facebook.com,Female,14.83.63.173
925,Nadeen,Wigfall,nwigfallpo@gov.uk,Female,138.73.104.202
926,Prinz,Custed,pcustedpp@rakuten.co.jp,Male,122.188.190.85
927,Idette,Alfonsetti,ialfonsettipq@ocn.ne.jp,Female,147.142.196.162
928,Edita,Summerson,esummersonpr@nhs.uk,Female,224.98.189.199
929,Kathe,Haslock(e),khaslockeps@google.com.au,Female,64.205.176.189
930,Grethel,Speers,gspeerspt@istockphoto.com,Female,138.37.116.219
931,Emilio,Lusted,elustedpu@cargocollective.com,Male,214.93.149.231
932,Leora,Brikner,lbriknerpv@liveinternet.ru,Female,122.41.135.248
933,Danna,Waumsley,dwaumsleypw@lycos.com,Female,219.21.232.162
934,Corette,Kirton,ckirtonpx@walmart.com,Female,252.201.34.245
935,Janessa,Nunn,jnunnpy@google.ru,Female,255.75.241.64
936,Kendrick,Kemsley,kkemsleypz@archive.org,Male,62.43.150.96
937,Selma,Pautard,spautardq0@prweb.com,Female,22.166.55.18
938,Mollie,Knevett,mknevettq1@yellowbook.com,Female,130.105.58.15
939,Gerty,Colliss,gcollissq2@eventbrite.com,Female,223.56.228.72
940,Jewell,Lockett,jlockettq3@liveinternet.ru,Female,128.252.102.236
941,Corette,Phil,cphilq4@answers.com,Female,170.197.49.83
942,Kelsi,Rosenkrantz,krosenkrantzq5@t.co,Female,121.232.183.59
943,Malvin,Schowenburg,mschowenburgq6@reddit.com,Male,7.52.34.169
944,Frasco,Scoggins,fscogginsq7@fastcompany.com,Male,181.76.41.45
945,Raoul,O'Hederscoll,rohederscollq8@slate.com,Male,229.104.29.231
946,Curt,Getsham,cgetshamq9@eventbrite.com,Male,200.119.220.172
947,Jessie,Norker,jnorkerqa@army.mil,Male,69.13.22.128
948,Nerta,Rogeron,nrogeronqb@europa.eu,Female,130.93.189.253
949,Maryrose,Wynch,mwynchqc@mashable.com,Female,125.76.30.123
950,Urson,Hissie,uhissieqd@weather.com,Male,82.33.12.163
951,Fan,Layfield,flayfieldqe@youku.com,Female,180.44.67.176
952,Oneida,Tooher,otooherqf@cnn.com,Female,251.16.179.221
953,Dee,Dobbson,ddobbsonqg@xing.com,Female,215.186.151.117
954,Seymour,Misk,smiskqh@51.la,Male,76.247.57.96
955,Aprilette,Braysher,abraysherqi@g.co,Female,103.198.236.192
956,Justis,Kintish,jkintishqj@independent.co.uk,Male,137.190.164.9
957,Shurlocke,Norwell,snorwellqk@friendfeed.com,Male,181.237.157.182
958,Vonny,Fullard,vfullardql@epa.gov,Female,35.239.193.47
959,Ania,Sutherden,asutherdenqm@godaddy.com,Female,233.104.92.1
960,Hewet,Ganforthe,hganfortheqn@dyndns.org,Male,0.108.243.181
961,Bren,Errett,berrettqo@w3.org,Female,66.56.165.49
962,Yuma,Tomkin,ytomkinqp@cornell.edu,Male,44.165.111.124
963,Kyla,Levick,klevickqq@amazon.co.uk,Female,167.71.183.34
964,Erhart,Catanheira,ecatanheiraqr@nature.com,Male,216.28.49.89
965,Miof mela,Dudeney,mdudeneyqs@cbc.ca,Female,11.199.233.103
966,Bryon,Lodovichi,blodovichiqt@webeden.co.uk,Male,57.125.101.87
967,Lynn,Brinkworth,lbrinkworthqu@zimbio.com,Male,57.16.229.157
968,Verine,Ferriman,vferrimanqv@illinois.edu,Female,156.132.191.178
969,Alfreda,Cheney,acheneyqw@businessinsider.com,Female,203.172.92.152
970,Rafe,Basnett,rbasnettqx@unesco.org,Male,179.21.112.20
971,Raimondo,Shivlin,rshivlinqy@trellian.com,Male,136.245.105.146
972,Ky,Brimmicombe,kbrimmicombeqz@telegraph.co.uk,Male,7.235.108.44
973,Haskel,Simmance,hsimmancer0@wunderground.com,Male,146.90.168.209
974,Charla,Cowsby,ccowsbyr1@a8.net,Female,167.195.170.69
975,Marcela,Laurance,mlaurancer2@cmu.edu,Female,142.185.151.44
976,Ryun,Mourant,rmourantr3@taobao.com,Male,14.149.196.78
977,Kizzie,MacGall,kmacgallr4@wp.com,Female,202.32.161.85
978,Glynn,Laydon,glaydonr5@devhub.com,Male,81.172.33.219
979,Nealon,Gate,ngater6@nature.com,Male,46.180.161.3
980,Bryn,Eames,beamesr7@hc360.com,Male,17.0.47.168
981,Skippie,Giamuzzo,sgiamuzzor8@comcast.net,Male,179.74.172.65
982,Arie,Eye,aeyer9@joomla.org,Male,195.52.70.153
983,Daune,Limrick,dlimrickra@macromedia.com,Female,127.223.77.200
984,Arley,Madders,amaddersrb@buzzfeed.com,Male,40.153.255.47
985,Drusy,Claiden,dclaidenrc@bluehost.com,Female,167.247.25.68
986,Mattias,Mabbett,mmabbettrd@shinystat.com,Male,85.242.174.239
987,Hewe,Cregg,hcreggre@indiegogo.com,Male,233.40.161.255
988,Lemuel,Stuehmeier,lstuehmeierrf@independent.co.uk,Male,116.157.158.11
989,Robb,Gilleon,rgilleonrg@miibeian.gov.cn,Male,17.133.129.5
990,Mariele,McShane,mmcshanerh@reddit.com,Female,38.146.59.60
991,Yule,Gilford,ygilfordri@privacy.gov.au,Male,166.167.72.193
992,Gloria,Lillyman,glillymanrj@yelp.com,Female,223.85.197.176
993,Fitzgerald,Coult,fcoultrk@soundcloud.com,Male,18.67.235.146
994,Bartie,Whitsun,bwhitsunrl@icq.com,Male,216.87.187.88
995,Barry,Verbeek,bverbeekrm@flickr.com,Female,43.237.171.86
996,Mimi,Youster,myousterrn@skyrock.com,Female,205.102.192.50
997,Gideon,Temby,gtembyro@foxnews.com,Male,244.243.51.133
998,Ardene,Lorinez,alorinezrp@webmd.com,Female,141.230.19.131
999,Cecilius,Blakden,cblakdenrq@kickstarter.com,Male,214.120.140.13
1000,Kylynn,Ridsdale,kridsdalerr@desdev.cn,Female,134.206.81.207
